id,title,download_path
1494,Accompany Maternal Child Nursing Care Third Canadian Edition 3rd Edition by Lisa Keenan-Lindsay Test Bank,/uploads/downloads/Accompany-Maternal-Child-Nursing-Care-Canadian-3rd-Edition-by-Lisa-Keenan-Lindsay-s9x03s.zip
1497,Adult Health Nursing 8th Edition by Kim Cooper Test Bank,/uploads/downloads/Adult-Health-Nursing-8th-Edition-by-Kim-Cooper-Test-Bank-cei3rv.zip
1090,Advanced Assessment: Interpreting Findings And Formulating Differential Diagnoses 4th Edition Goolsby Test Bank,/uploads/downloads/tb4e-modmv1.zip
1091,Advanced Practice Nursing In The Care Of Older Adults 2nd Edition Laurie Kennedy-malone Test Bank,/uploads/downloads/tb-tz7qar.zip
1092,Advancing Your Career Concepts Of Professional Nursing 7th Edition Rose Kearney Nunnery Test Bank,/uploads/downloads/tb-zxqezw.zip
934,Advancing Your Career Concepts of Professional Nursing 6th Edition Test Bank,/uploads/downloads/tb-derj95.zip
2116,Alexander's Care of the Patient in Surgery 16th Edition by Jane C. Rothrock Test Bank,/uploads/downloads/Alexanders-Care-of-the-Patient-in-Surgery-16th-Edition-by-Jane-C.-Rothrock-Test-Bank-ctaln0.zip
1498,Anatomy & Physiology 10th Edition by Kevin T. Patton Test Bank,/uploads/downloads/Anatomy-Physiology-10th-Edition-by-Kevin-T.-Patton-Test-Bank-08gjwe.zip
936,Anatomy & Physiology in a Flash! An Interactive Flash-Card Approach Test Bank,/uploads/downloads/tb-bqpdpo.zip
6215,Anatomy and Physiology openstax 1st Edition by Gordon Betts Test Bank,
1093,Anderson's Nursing Leadership Management And Professional Practice 5th Edition Tamara R. Dahlkemper Test Bank,/uploads/downloads/tb-zxxnwo.zip
6185,"Applied Pathophysiology for the Advanced Practice Nurse, 1st Edition by Dlugasch & Story Test Bank",https://drive.google.com/file/d/1_eU6OmzGUWtDKoehVUrxoWutO2R7pesl/view?usp=sharing
1499,Applied Pharmacology for the Dental Hygienist 8th Edition by Elena Bablenis Haveles Test Bank,/uploads/downloads/Haveles8etb-aracij.zip
2117,Applied Pharmacology for the Dental Hygienist 9th Edition Test Bank,/uploads/downloads/Applied-Pharmacology-for-the-Dental-Hygienist-9th-Edition-by-Elena-Bablenis-Haveles-TB-43qmhi.zip
948,Assessment Of The School-age Child And Adolescent Margaret R. Colyar Test Bank,/uploads/downloads/ASSESSMENT-OF-THE-SCHOOL-AGE-CHILD-AND-ADOLESCENT-Margaret-R.-Colyar-tb-zn8bhd.zip
1500,Bailey and Scott's Diagnostic Microbiology 15th Edition by Patricia Tille Test Bank,/uploads/downloads/TilleTB-jnenlm.zip
1522,Basic Geriatric Nursing 8th Edition by Patricia A. Williams Test Bank,/uploads/downloads/tb-hb8cpj.zip
1524,Bontrager's Textbook of Radiographic Positioning and Related Anatomy 10th Edition Test Bank,/uploads/downloads/BONTRA1-zg5qzj.zip
1525,Bontrager's Textbook of Radiographic Positioning and Related Anatomy 9th Edition Test Bank,/uploads/downloads/tb-i8mffl.zip
1540,Brand Anatomy of Orofacial Structures 8th Edition Test Bank,/uploads/downloads/chapterquiz-nlxdpa.zip
6203,Brunner & Suddarth's Textbook of Medical-Surgical Nursing 14th edition by Hinkle Test Bank,
6221,Brunner & Suddarth's Textbook of Medical-Surgical Nursing 15th Edition by Hinkle Test Bank,https://drive.google.com/file/d/1yPNhRuYgMTig3uqUolgdcl--vm8pQK2A/view?usp=drive_link
1541,Buck's Step-by-Step Medical Coding 2020 edition Test Bank,/uploads/downloads/Bucks-Step-by-Step-Medical-Coding-2020-edition-Test-Bank-nckyby.zip
1542,Building a Medical Vocabulary 10th Edition by Peggy C. Leonard Test Bank,/uploads/downloads/Leonard10etb-nxmk7h.zip
1543,Calculate with Confidence 7th Edition by Deborah C. Morris Test Bank,/uploads/downloads/Calculate-with-Confidence-7th-Edition-by-Deborah-C.-Morris-Test-Bank-av3bqb.zip
1108,Calculating Drug Dosages 2nd Edition Sandra Luz Test Bank,/uploads/downloads/testbank2eMartinez-kofku0.zip
957,Calculating Drug Dosages A Patient-safe Approach To Nursing And Math Test Bank,/uploads/downloads/Test-Bank-zqi11r.zip
1565,Canadian Clinical Nursing Skills and Techniques by Anne Griffin Perry Test Bank,/uploads/downloads/Canadian-Clinical-Nursing-Skills-and-Techniques-by-Anne-Griffin-Perry-Test-Bank-kla8pe.zip
1109,Caring For Older Adults Holistically 7th Edition Tamara R. Dahlkemper Test Bank,/uploads/downloads/tb-iogj0v.zip
1566,Case-Smith's Occupational Therapy for Children and Adolescents 8th Edition Test Bank,/uploads/downloads/CASE-S1-gtssp9.zip
1567,Clayton's Basic Pharmacology for Nurses 18th Edition by Michelle Willihnganz Test Bank,/uploads/downloads/Claytons-Basic-Pharmacology-for-Nurses-18th-Edition-by-Michelle-Willihnganz-Test-Bank-lqojic.zip
2129,Clinical Calculations 9th Edition by Joyce LeFever Kee ch7-17 Test Bank,/uploads/downloads/Clinical-Calculations-9th-Edition-by-Joyce-LeFever-Kee-ch7-17-Test-Bank-sj3qnx.zip
1110,Clinical Immunology And Serology A Laboratory Perspective 4th Edition Test Bank,/uploads/downloads/Stevens4e-5hzbxj.zip
2130,Clinical Manifestations & Assessment of Respiratory Disease 8th Edition Test Bank,/uploads/downloads/tb-ermlyd.zip
1568,Clinical Nursing Skills and Techniques 10th Edition by Anne Griffin Perry Test Bank,/uploads/downloads/Clinical-Nursing-Skills-and-Techniques-10th-Edition-by-Anne-Griffin-Perry-Test-Bank-4l49pz.zip
958,Communication For Nurses by Pamela Mchugh Schuster Test Bank,/uploads/downloads/COMMUN1-brwwdy.zip
1569,Community Health Nursing in Canada 4th Edition by Sandra A. MacDonald Test Bank,/uploads/downloads/MacDonald4cetb-qpusrb.zip
1592,Community Oral Health Practice for the Dental Hygienist 4th Edition Test Bank,/uploads/downloads/Community-Oral-Health-Practice-for-the-Dental-Hygienist-4th-Edition-Test-Bank-krmikj.zip
1593,Community Oral Health Practice for the Dental Hygienist 5th Edition Test Bank,/uploads/downloads/Community-Oral-Health-Practice-for-the-Dental-Hygienist-5th-Edition-Test-Bank-penmjm.zip
1594,Community Public Health Nursing 8th Edition by Mary A. Nies Test Bank,/uploads/downloads/tb-xc8azo.zip
2142,Concept-Based Clinical Nursing Skills by Loren Stein Test Bank,/uploads/downloads/tb-d6zbwz.zip
1595,Conceptual Foundations 7th Edition by Elizabeth E. Friberg Test Bank,/uploads/downloads/Conceptual-Foundations-7th-Edition-by-Elizabeth-E.-Friberg-Test-Bank-fo2exs.zip
2143,Contemporary Nursing 8th Edition by Barbara Cherry Test Bank,/uploads/downloads/tb-s5evkk.zip
1596,Craig's Essentials of Sonography and Patient Care 4th Edition by M. Robert deJong Test Bank,/uploads/downloads/Craigs-Essentials-of-Sonography-and-Patient-Care-4th-Edition-by-M.-Robert-deJong-Test-Bank-vj52ko.zi
1616,Critical Care Nursing 8th Edition by Linda D. Urden Test Bank,/uploads/downloads/Critical-Care-Nursing-8th-Edition-by-Linda-D.-Urden-Test-Bank-pruosi.zip
1617,Darby and Walsh Dental Hygiene 5th Edition by Denise M. Bowen Test Bank,/uploads/downloads/Darby-and-Walsh-Dental-Hygiene-5th-Edition-by-Denise-M.-Bowen-Test-Bank-nt7zca.zip
1123,Davis Advantage For Basic Nursing Thinking Doing And Caring 2nd Edition Leslie S. Treas Test Bank,/uploads/downloads/tb-1vrdzq.zip
1126,Davis Advantage For Maternal-child Nursing Care 3rd Edition Meredith J Scannell Test Bank,/uploads/downloads/Davis-Advantage-for-Maternal-Child-Nursing-Care-3rd-Edition-Meredith-J-Scannell-tb-boad4t.zip
1127,Davis Advantage For Medical-surgical Nursing Making Connections To Practice Hoffman Test Bank,/uploads/downloads/tb-isug8p.zip
1159,Davis Advantage For Psychiatric Mental Health Nursing 10th Edition Karyn I. Morgan Test Bank,/uploads/downloads/Morgan10etb-iaqxdz.zip
1160,Davis Advantage For Understanding Medical-surgical Nursing 7th Edition Linda S. Williams Test Bank,/uploads/downloads/TB-n7rbop.zip
6230,"Davis Advantage for Medical-Surgical Nursing: Making Connections to Practice, 3rd Edition by Janice J. Hoffman and Nancy J. Sullivan Test Bank",https://drive.google.com/file/d/1FdZ2CmEkt27ROSkh_UJfIr7MEkFOv39v/view?usp=sharing
1161,Davis's Canadian Drug Guide For Nurses 15th Edition April Hazard Vallerand Test Bank,/uploads/downloads/TB-b4hrqk.zip
1182,Davis's Drug Guide For Nurses 16th Edition April Hazard Vallerand Test Bank,/uploads/downloads/tb16e-DAVISS-DRUG-GUIDE-FOR-NURSES-CANADIAN-VERSION-16th-Edition-April-Hazard-Vallerand-hogilo.zip
1183,Davis's Drug Guide For Nurses 17th April Hazard Vallerand Test Bank,/uploads/downloads/TB17E-abpmcm.zip
1184,Davis's Drug Guide For Nurses Canadian Version 16th Edition April Hazard Vallerand Test Bank,/uploads/downloads/tb-8wgyle.zip
1162,Davis's Nursing Skills Videos (online Streaming) Judith M. Wilkinson Test Bank,/uploads/downloads/tb-qm6oji.zip
2144,Dental Management of the Medically Compromised Patient 9th Edition Test Bank,/uploads/downloads/Little9etb-q6nh0q.zip
1618,Dental Materials 4th Edition by W. Stephen Eakle Test Bank,/uploads/downloads/tb-5k1ly4.zip
1185,Differentiating Surgical Instruments 3rd Edition Colleen J. Rutherford Test Bank,/uploads/downloads/Rutherford3e-93ffqr.zip
2145,Digital Radiography and PACS 3rd Edition by Christi Carter Test Bank,/uploads/downloads/tb-gocbga.zip
1186,Dimensional Analysis Calculating Dosages Safely 2nd Edition Tracy Horntvedt Test Bank,/uploads/downloads/tb-wvq4u2.zip
1213,Documentation For Physical Therapist Assistants 5th Edition Wendy D. Bircher Test Bank,/uploads/downloads/tb-601n6f.zip
2166,Drug Calculations 11th Edition by Ann Tritak-Elmiger Test Bank,/uploads/downloads/Drug-Calculations-11th-Edition-by-Ann-Tritak-Elmiger-Test-Bank-uwbop2.zip
2167,ECGs Made Easy 6th Edition Barbara Aehlert Test Bank,/uploads/downloads/2167_ECGs-Made-Easy-6th-Edition-Barbara-Aehlert-Test-Bank-nohkjy.zip
1620,Early’s Physical Dysfunction Practice Skills 4th Edition Test Bank,/uploads/downloads/EARLYS1-cqffx5.zip
1640,Ebersole and Hess' Gerontological Nursing & Healthy Aging 6th Edition by Theris A. Touhy Test Bank,/uploads/downloads/tb_Touhy6e-zznqqd.zip
1641,Edelman and Kudzma's Canadian Health Promotion Throughout the Life Span by Shannon Dames Test Bank,/uploads/downloads/Damestb-cinuo7.zip
1214,Essential Health Assessment Janice Thompson Test Bank,/uploads/downloads/ESSENTIAL-HEALTH-ASSESSMENT-Janice-Thompson-tb-y7wgmw.zip
964,Essentials Of Anatomy And Physiology 7th Edition Valerie C. Scanlon Test Bank,/uploads/downloads/tb-rkb3zz.zip
1215,Essentials Of Anatomy And Physiology 8th Edition Valerie C. Scanlon Test Bank,/uploads/downloads/Test-Bank-n3r4nk.zip
1216,Essentials Of Nursing Leadership & Management 7th Edition Sally A. Weiss Test Bank,/uploads/downloads/Weiss7etb-9gwh8b.zip
2168,Essentials of Cardiopulmonary Physical Therapy 4th Edition Ellen Hillegass Test Bank,/uploads/downloads/Essentials-of-Cardiopulmonary-Physical-Therapy-4th-Edition-Ellen-Hillegass-Test-Bank-psvxwg.zip
2169,Essentials of Human Diseases and Conditions 7th Edition by Margaret Schell Frazier Test Bank,/uploads/downloads/tb-qpok4w.zip
6240,"Essentials of Maternity, Newborn, and Women’s Health Nursing, 5th Edition by Ricci Test Bank",
1642,Essentials of Oral Histology and Embryology 5th Edition by Daniel J. Chiego Test Bank,/uploads/downloads/tb-qqhnun.zip
1643,Essentials of Psychiatric Mental Health Nursing 3rd Edition Elizabeth Varcarolis Test Bank,/uploads/downloads/tb-qqa0rv.zip
2191,Essentials of Radiographic Physics and Imaging 3rd Edition by James Johnston Test Bank,/uploads/downloads/tb-yzu4rk.zip
1644,Ethical & Legal Issues in Canadian Nursing 4th Edition Margaret Keating Test Bank,/uploads/downloads/Ethical-Legal-Issues-in-Canadian-Nursing-4th-Edition-Margaret-Keatings-4th-tb-6pbxcf.zip
2192,Ethics and Law in Dental Hygiene 3rd Edition Test Bank,/uploads/downloads/Beemsterboer3etb-4f0ebt.zip
6254,FUNDAMENTAL CONCEPTS AND SKILLS FOR NURSING 6TH EDITION BY WILLIAMS. Test Bank,https://drive.google.com/file/d/128Qp1ns0wxBNmDHGIos8rplf3Kj1Z1IP/view?usp=sharing
1217,Family Health Care Nursing Theory Practice And Research 6th Edition Joanna Rowe Kaakinen Test Bank,/uploads/downloads/tb-7lfehp.zip
1243,Family-focused Nursing Care Sharon A. Denham Test Bank,/uploads/downloads/tb-Denham-wjojf6.zip
6246,"Focus on Nursing Pharmacology, 8th Edition by Amy M. Karch Test Bank",
2193,Fordney's Medical Insurance 15th Edition Linda Smith Test Bank,/uploads/downloads/Fordneys-Medical-Insurance-TestBank-indgs0.zip
1674,Fordney’s Medical Insurance and Billing 16th Edition by Linda Smith Test Bank,/uploads/downloads/Fordneys-Medical-Insurance-and-Billing-16th-Edition-by-Linda-Smith-test-bank-i3epr9.zip
972,Forensic Nursing Evidence-based Principles And Practice Rose E. Constantino Test Bank,/uploads/downloads/Test_Bank_Questions-FORENSIC-NURSING-EVIDENCE-BASED-PRINCIPLES-AND-PRACTICE-Rose-E.-Constantino-upzc
6191,"Foundation of Nursing, 9th Edition by Cooper Test Bank",https://drive.google.com/file/d/1mvI9uPQv1t35PAuV5id0RrjNznu61ng5/view?usp=sharing
1244,Foundations In Kinesiology And Biomechanics Vickie Samuels Test Bank,/uploads/downloads/Chap-1-and-2-vpsaon.zip
6292,"Foundations for Population Health in Community/Public Health Nursing, 6th Edition Test Bank",https://drive.google.com/file/d/1eOhwgIRTAk3v5qGQjegfRP4fa82Cbvs6/view?usp=sharing
1675,Foundations of Maternal-Newborn and Women's Health Nursing 8th Edition by Sharon Smith Test Bank,/uploads/downloads/Foundations-of-Maternal-Newborn-and-Womens-Health-Nursing-8th-Edition-by-Sharon-Smith-9cqitl.zip
1676,Foundations of Mental Health Care 7th Edition by Michelle Morrison-Valfre Test Bank,/uploads/downloads/Foundations-of-Mental-Health-Care-7th-Edition-by-Michelle-Morrison-Valfre-Test-Bank-yirfyy.zip
1677,Foundations of Mental Health Care 8th Edition by Michelle Morrison-Valfre Test Bank,/uploads/downloads/tb-y7fhfe.zip
6301,Foundations of Mental Health Care 8th Edition by Morrison-Valfre Test Bank,https://drive.google.com/file/d/1wrL8_ZS7LaKu9hPuefhkyPYGFtypDbxo/view?usp=drive_link
1678,Frommer's Radiology for the Dental Professional 10th Edition by Jeanine Test Bank,/uploads/downloads/Frommers-Radiology-for-the-Dental-Professional-10th-Edition-by-Jeanine-Test-Bank-baflcy.zip
1246,Functional Performance In Older Adults 4th Edition Bette R. Bonder Test Bank,/uploads/downloads/tb-nz9jhq.zip
1245,Fundamentals Of Musculoskeletal Imaging 5th Edition Lynn N. Mckinnis Test Bank,/uploads/downloads/McKinnis5etb-xvu04m.zip
1124,Fundamentals Of Nursing (2 Volume Set) 4th Edition by Judith M. Wilkinson Test Bank,/uploads/downloads/tb-vlklgz.zip
973,Fundamentals Of Nursing (two Volume Set) 3rd Edition Judith M. Wilkinson Test Bank,/uploads/downloads/FUNDAMENTALS-OF-NURSING-TWO-VOLUME-SET-3rd-Edition-Judith-M.-Wilkinson-5rsvzz.zip
1262,Fundamentals Of Nursing Care Concepts Connections & Skills 3rd Edtion Marti Burton Test Bank,/uploads/downloads/tb-pltf8p.zip
1125,Fundamentals Of Nursing Care Concepts Connections & Skills 4th Edition Marti Burton Test Bank,/uploads/downloads/Burton4e-s1lvba.zip
6308,Fundamentals of Nursing 11th edition Potter Test Bank,https://drive.google.com/file/d/1Shvkmzwelr2DmafMwbaDn_vdF9-7Iaoz/view?usp=sharing
1695,Fundamentals of Nursing 2nd Edition Barbara Yoost Test Bank,/uploads/downloads/ParTest-swdiel.zip
6314,Fundamentals of Nursing Active Learning for Collaborative Practice 3rd Edition Yoost Test Bank,https://drive.google.com/file/d/1sLZN_gX0_rB4kXwR4a9yomwgw0XtCIKG/view?usp=sharing
1696,Gaylor The Administrative Dental Assistant 4th Edition Test Bank,/uploads/downloads/Gaylor-The-Administrative-Dental-Assistant-4th-Edition-Test-Bank-forbaf.zip
1263,Genetics And Genomics In Nursing And Health Care 2nd Edition Theresa A. Beery Test Bank,/uploads/downloads/tb-inls3y.zip
1697,Gerontologic Nursing 6th Edition by Sue E. Meiner Test Bank,/uploads/downloads/tb-eugjrl.zip
6324,Gerontological Nursing 10th Edition Eliopoulos Test Bank,https://drive.google.com/file/d/1hnl-7deF6Dz8pRibWI_zOi8gr7AWZuRP/view?usp=drive_link
1698,Goodman and Fuller’s Pathology 5th Editionby Catherine Goodman Test Bank,/uploads/downloads/Goodman5e_TB-h9wfhu.zip
2194,Gordis Epidemiology 6th Edition by David D Celentano Test Bank,/uploads/downloads/Gordis-RTF-nqawpj.zip
1699,Gray Morris Calculate with Confidence First Canadian Edition Test Bank,/uploads/downloads/AK-urirrt.zip
1729,Gray Morris's Calculate with Confidence 2nd Edition Canadian Edition Tania Killian Test Bank,/uploads/downloads/Gray-Morriss-Calculate-with-Confidence-2nd-Edition-Canadian-Edition-Tania-Killian-TB-glarkn.zip
1730,Guyton & Hall Textbook of Medical Physiology 13th Edition by John E. Hall Test Bank,/uploads/downloads/tb-dzq1gi.zip
2214,Guyton & Hall Textbook of Medical Physiology 14th Edition Test Bank,/uploads/downloads/Guyton-14etb-zrcxgb.zip
2215,Hamric & Hanson's Advanced Practice Nursing 7th Edition by Mary Fran Tracy Test Bank,/uploads/downloads/TestBank-emobo2.zip
2217,Health Assessment for Nursing Practice 6th Edition by Susan F. Wilson Test Bank,/uploads/downloads/tb-60xi73.zip
1731,Health Assessment for Nursing Practice 7th Edition by Susan Fickertt Wilson Test Bank,/uploads/downloads/Health-Assessment-for-Nursing-Practice-7th-Edition-by-Susan-Fickertt-Wilson-Test-Bank-bbdcrm.zip
1732,Health Informatics 2nd Edition by Ramona Nelson Test Bank,/uploads/downloads/tb-Health-Informatics-nldcin.zip
1733,Health Insurance Today A Practical Approach 6th Edition Beik Test Bank,/uploads/downloads/Health-Insurance-Today-A-Practical-Approach-6th-Edition-Beik-Test-Bank-sid6hp.zip
2238,Health Promotion Throughout the Life Span 9th Edition by Carole Lium Edelman Test Bank,/uploads/downloads/Health-Promotion-Throughout-the-Life-Span-9th-Edition-by-Carole-Lium-Edelman-Test-Bank-tbbuy0.webp
2216,Health and Health Care Delivery in Canada 3rd Edition by Valerie D. Thompson Test Bank,/uploads/downloads/tb-xrfb5g.zip
1760,Iannucci Dental Radiography 5th Edition Test Bank,/uploads/downloads/Iannucci-Dental-Radiography-5th-Edition-Test-Bank-7j8hmf.zip
1761,Illustrated Anatomy of the Head and Neck 6th Edition by Margaret J. Fehrenbach Test Bank,/uploads/downloads/Fehrenbach6E_TB-wtsc41.zip
1762,Illustrated Dental Embryology Histology and Anatomy 5th Edition Test Bank,/uploads/downloads/tb-ynvcdv.zip
1763,Infection Control and Management of Hazardous Materials for the Dental Team 7th Edition Test Bank,/uploads/downloads/Test-Bank-25zvsf.zip
2239,Interpersonal Relationships Professional Communication Skills for Nurses 8th Edition Test Bank,/uploads/downloads/Arnold8e-povyy5.zip
974,Interpersonal Skills For Healthcare Providers - Instructor Version Cynthia Diefenbeck Test Bank,/uploads/downloads/INTERPERSONAL-SKILLS-FOR-HEALTHCARE-PROVIDERS-INSTRUCTOR-VERSION-Cynthia-Diefenbeck-resources-dp7xes
1786,Introduction to Critical Care Nursing 7th Edition by Mary Lou Sole Test Bank,/uploads/downloads/Introduction-to-Critical-Care-Nursing-7th-Edition-by-Mary-Lou-Sole-Test-Bank-fvfrpv.zip
2240,Introduction to Critical Care Nursing 8th Edition by Mary Lou Sole Test Bank,/uploads/downloads/Sole8e-tb-bi4gau.zip
6209,Introduction to Maternity and Pediatric Nursing 7th edition by Leifer Test Bank,https://drive.google.com/file/d/1dcRaoKWDRXnFM23OTP6fcb_vpoRgdD0b/view?usp=drive_link
6332,Introduction to Maternity and Pediatric Nursing 9th Edition Leifer Test Bank,https://drive.google.com/file/d/15P0ufX2GX9_uESrtUeuI5fvE-wxwPbfa/view?usp=drive_link
990,Journey Across The Life Span 5th Edition Test Bank,/uploads/downloads/Journey-Across-The-Life-Span-5th-Edition-Test-Bank-xttjwe.zip
1283,Journey Across The Life Span Human Development And Health Promotion 6th Edition Elaine U. Polan Test Bank,/uploads/downloads/tb-3k36vx.zip
1284,Journey Across The Life Span Human Development And Health Promotion 7th Edition Test Bank,/uploads/downloads/Journey-Across-the-Life-Span-Human-Development-and-Health-Promotion7th-EditionElaine-U.-Polan-tb-aav
1285,Kielhofner's Research In Occupational Therapy 2nd Edition Test Bank,/uploads/downloads/tb-nz9jhq.zip
1787,Kinn’s The Clinical Medical Assistant 14th Edition by Niedzwiecki Test Bank,/uploads/downloads/Niedzwiecki14e_tb-atzaqt.zip
2281,LPN to RN Transitions 4th Edition by Lora Claywell Test Bank,/uploads/downloads/Claywell4e-tb-9os7jv.zip
1808,LPN to RN Transitions 5th Edition Lora Claywell Test Bank,/uploads/downloads/Claywell5etb-w3okio.zip
2241,Laboratory Animal and Exotic Pet Medicine 3rd Edition by Margi Sirois Test Bank,/uploads/downloads/Test-Bank-rbxz7d.zip
1789,Legal and Ethical Issues for Health Professions 4th Edition Test Bank,/uploads/downloads/Legal-and-Ethical4e-ifyllp.zip
6342,"Lehne’s Pharmacology for Nursing Care, 11th Edition by Jacqueline Rosenjack Burchum Test Bank",https://drive.google.com/file/d/100y7DGLWf13s-qBRLSlr1hDL6hHhC2Qm/view?usp=drive_link
2259,Leifer's Introduction to Maternity & Pediatric Nursing in Canada by Gloria Leifer Test Bank,/uploads/downloads/Leifer-tb1ce-csgsxr.zip
2260,Lewis Medical-Surgical Nursing in Canada 4th Edition Test Bank,/uploads/downloads/Lewis-Medical-Surgical-Nursing-in-Canada-4th-Edition-glw5cn.zip
2261,Lewis's Medical-Surgical Nursing 5th Edition Diane Brown Test Bank,/uploads/downloads/Lewiss-Medical-Surgical-Nursing-5th-Edition-Diane-Brown-Test-Bank-pgwclr.zip
6348,Lewis's Medical-Surgical Nursing: Assessment and Management of Clinical Problems 12th edition by Hagler Test Bank,https://drive.google.com/file/d/1CHyZ1TfZhfbVQh1lK2qZ0z1LnnwWCAt0/view?usp=drive_link
1286,Lifespan Neurorehabilitation by Dennis Fell Test Bank,/uploads/downloads/LIFESP1-7zka9m.zip
1806,Lilley's Pharmacology for Canadian Health Care Practice 4th Edition Kara Sealock Test Bank,/uploads/downloads/Lilleys-Pharmacology-for-Canadian-Health-Care-Practice-4th-Edition-Kara-Sealock-Test-Bank-jtryiw.zip
2262,LoBiondo-Wood Nursing Research in Canada 4th Edition Test Bank,/uploads/downloads/tb-qfx3vt.zip
1807,Local Anesthesia for the Dental Hygienist 3rd Edition Demetra Logothetis Test Bank,/uploads/downloads/Logothetis3e_TB-4wgi9z.zip
2280,Logothetis Local Anesthesia for the Dental Hygienist 2nd Edition Test Bank,/uploads/downloads/TestBank-kvgsxd.zip
1299,Lutz's Nutrition And Diet Therapy 7th Edition Erin E. Mazur Test Bank,/uploads/downloads/Test-Banks-LUTZS-NUTRITION-AND-DIET-THERAPY-7th-Edition-Erin-E.-Mazur-ssvpsr.zip
1300,Making The Transition From Lpn To Rn Rose Kearney Nunnery Test Bank,/uploads/downloads/Test_Bank-MAKING-THE-TRANSITION-FROM-LPN-TO-RN-Rose-Kearney-Nunnery-vxdimx.zip
2282,Mastering Healthcare Terminology 6th Edition by Betsy J. Shiland Test Bank,/uploads/downloads/test-bank-0atocd.zip
6265,Maternal Child Nursing Care 7th Edition by Perry Test Bank,https://drive.google.com/file/d/1dcRaoKWDRXnFM23OTP6fcb_vpoRgdD0b/view?usp=drive_link
1301,Maternal-child Nursing Care 2nd Edition Test Bank,/uploads/downloads/tb-xwvh4e.zip
991,Maternal-newborn Nursing The Critical Components Of Nursing Care 2nd Edition Test Bank,/uploads/downloads/tb-1jrhrf.zip
1302,Maternal-newborn Nursing The Critical Components Of Nursing Care 3rd Edition Test Bank,/uploads/downloads/Durham3etb-m6dkdv.zip
1809,Maternity and Women's Health Care 12th Edition by Deitra Leonard Lowdermilk Test Bank,/uploads/downloads/tbLowdermilk-12e-qrim6y.zip
2283,McCurnin's Clinical Textbook for Veterinary Technicians 9th Edition Test Bank,/uploads/downloads/tb-lwosrj.zip
1810,McDonald and Avery Dentistry for the Child and Adolescent 11th Edition Test Bank,/uploads/downloads/McDonald-and-Avery-TB-1f2aal.zip
1303,Medical Parasitology A Self-instructional Text 7th Edition Ruth Leventhal Test Bank,/uploads/downloads/tb-75clnw.zip
2304,Medical Terminology & Anatomy for Coding 3rd Edition by Betsy J. Shiland Test Bank,/uploads/downloads/tb-cblhvg.zip
2305,Medical Terminology A Short Course 9th Edition by Davi-Ellen Chabner Test Bank,/uploads/downloads/Chabner-ibngln.zip
1325,Medical Terminology In A Flash A Multiple Learning Styles 4th Edition Test Bank,/uploads/downloads/tb-xdq5i4.zip
1326,Medical Terminology Simplified A Programmed Learning Approach 6th Edition Test Bank,/uploads/downloads/Test-Banks-bvok8u.zip
1833,Medical Transcription 7th Editionby Marcy O. Diehl Test Bank,/uploads/downloads/Medical-Transcription-7th-Editionby-Marcy-O.-Diehl-Test-Bank-ew4wv0.zip
2306,Medical-Surgical Nursing 10th Edition by Donna D. Ignatavicius Test Bank,/uploads/downloads/Medical-Surgical-Nursing-10th-Edition-by-Donna-D.-Ignatavicius-Test-Bank-mgisur.zip
1835,Medical-Surgical Nursing 8th Edition by Adrianne Dill Linton Test Bank,/uploads/downloads/Medical-Surgical-Nursing-8th-Editionby-Adrianne-Dill-Linton-Test-Bank-wg4zxs.zip
1834,Medical-Surgical Nursing in Canada 5th Edition by Jane Tyerman Test Bank,/uploads/downloads/Medical-Surgical-Nursing-in-Canada-5th-Edition-by-Jane-Tyerman-Test-Bank-yb9nh1.zip
6365,Medical-Surgical Nursing: Concepts and Practice 5th Edition By Stromberg Test Bank,https://drive.google.com/file/d/1zUrmkuG4xALWrQw3PcDxqCqEvWHSlfNn/view?usp=sharing
6375,Medical-Surgical Nursing: Concepts for Interprofessional Collaborative Care 9th edition by  Donna D. Ignatavicius Test Bank,https://drive.google.com/file/d/1eVjw8zY7Q9ic6i8j-1Y9VgDQkAYOUYPf/view?usp=sharing
1155,Medical-surgical Nursing Making Connections To Practice 2nd Edition Hoffman Test Bank,/uploads/downloads/tb-htnbkv.zip
1327,Mental Health Nursing 6th Edition Linda M. Gorman And Robynn Anwar Test Bank,/uploads/downloads/TB-nfufyx.zip
2307,Merrill's Atlas of Radiographic Positioning and Procedures 14th Edition Test Bank,/uploads/downloads/tb-aeyw3v.zip
2328,Miller Infection Control and Management of Hazardous Materials for the Dental Team 6th Edition Test Bank,/uploads/downloads/Miller-Infection-Control-and-Management-of-Hazardous-Materials-for-the-Dental-Team-6th-Ed-ylgple.zip
1328,Mobility In Context Principles Of Patient Care Skills 2nd Edition Test Bank,/uploads/downloads/MOBILITY-IN-CONTEXT-PRINCIPLES-OF-PATIENT-CARE-SKILLS-2nd-Edition-Charity-Johansson-Test-Bank-vng2n2
993,Modern Blood Banking & Transfusion Practices 6th Edition Test Bank,/uploads/downloads/tb6e-hfihsw.zip
1343,Modern Blood Banking & Transfusion Practices 7th Edition Test Bank,/uploads/downloads/MODERNBLOOD-yjeu1t.zip
2329,Modern Dental Assisting 12th Edition by Doni L. Bird Test Bank,/uploads/downloads/Test-Bank-Modern-Dental-Assisting-12th-Edition-by-Doni-L.-Bird-9tlgpz.zip
1344,Molecular Diagnostics 3rd Edition Lela Buckingham Test Bank,/uploads/downloads/tb-4zqufu.zip
1836,Morrison-Valfre’s Foundations of Mental Health Care in Canada 1st Edition Boris Bard Test Bank,/uploads/downloads/tb-9u50v1.zip
2331,Mosby's Canadian Textbook for the Support Worker 4th Edition Test Bank,/uploads/downloads/2331_tb-ohzzef.zip
2349,Mosby's Pathology for Massage Therapists 4th Edition by Susan G. Salvo Test Bank,/uploads/downloads/Mosbys-Pathology-for-Massage-Therapists-4th-Edition-by-Susan-G.-Salvo-Test-Bank-st16gj.zip
1837,Mosby's Textbook for Long-Term Care Nursing Assistants 8th Edition by Clare Kostelnick Test Bank,/uploads/downloads/Kostelnick_TB8e-7natxf.zip
2330,Mosby’s Pharmacy Technician Exam Review 4th Edition by James Mizner Test Bank,/uploads/downloads/tb-fzavyg.zip
2350,Mulholland's The Nurse The Math The Meds 4th Edition by Susan Turner Test Bank,/uploads/downloads/tb-oey4xi.zip
992,Neeb's Fundamentals Of Mental Health Nursing 4th Edition Linda M. Gorman Test Bank,/uploads/downloads/tb-bhbevv.zip
1345,Neeb's Mental Health Nursing 5th Edition Linda M. Gorman Test Bank,/uploads/downloads/tb-60xp2k.zip
2351,Neonatal and Pediatric Respiratory Care 5th Edition Test Bank,/uploads/downloads/Walsh-5th-ysruzo.zip
1860,Neonatal and Pediatric Respiratory Care 6th Edition by Brian K. Walsh Test Bank,/uploads/downloads/Neonatal-and-Pediatric-Respiratory-Care-6th-Edition-by-Brian-K.-Walsh-Test-Bank-ayhzzy.zip
1861,Netter's Essential Histology 3rd Edition by William K. Ovalle Test Bank,/uploads/downloads/Netters-Essential-Histology-3rd-Edition-by-William-K.-Ovalle-Test-Bank-ugtiiq.zip
1862,Neurologic Interventions for Physical Therapy 4th Editionby Suzanne Tink Martin Test Bank,/uploads/downloads/Neurologic-Interventions-for-Physical-Therapy-4th-Editionby-Suzanne-Tink-Martin-Test-Bank-v2oj7s.zip
1863,Neuroscience 6th Edition by Laurie Lundy-Ekman Test Bank,/uploads/downloads/Lundy-Ekman-f6sybt.zip
2352,Nuclear Medicine and PETCT 8th Edition Test Bank,/uploads/downloads/test-bank-bwbeim.zip
1864,Nursing Care of Children Principles and Practice 4th Edition Susan James Test Bank,/uploads/downloads/Nursing-Care-of-Children-Principles-and-Practice-4th-Edition-Susan-James-TB-1e0vx6.zip
2373,Nursing Delegation and Management of Patient Care 3rd Edition Test Bank,/uploads/downloads/TestBank-qpoadj.zip
1346,Nursing Leadership And Management For Patient Safety And Quality Care Elizabeth Murray Test Bank,/uploads/downloads/tb-5xdud5.zip
1347,Nursing Leadership Management And Professional Practice For The Lpn lvn 6th Edition Test Bank,/uploads/downloads/NURSIN1-mc30ze.zip
1374,Nursing Now Today's Issues Tomorrows Trends 8th Edition Test Bank,/uploads/downloads/tb8E-mtai71.zip
1011,Nursing Now! Today's Issues Tomorrows Trends 7th Edition Joseph T. Catalano Test Bank,/uploads/downloads/Test-Bank-Questions-bdqtml.zip
1889,Nursing Research in Canada 5th Edition by Mina Singh Test Bank,/uploads/downloads/Nursing-Research-in-Canada-5th-Editionby-Mina-Singh-Test-Bank-wbkhms.zip
1012,Nursing Theories And Nursing Practice 4th Edition Marlaine Smith Test Bank,/uploads/downloads/NURSING-THEORIES-AND-NURSING-PRACTICE-4e-tb-dhdjho.zip
1377,Nursing Theories And Nursing Practice 5th Edition Marlaine C. Smith Test Bank,/uploads/downloads/tb-2tgi7d.zip
2374,Nursing Today 10th Edition by JoAnn Zerwekh Test Bank,/uploads/downloads/tb-4junkv.zip
1890,Nutritional Foundations & Clinical Application 7th Edition by Michele Grod Test Bank,/uploads/downloads/TB-wnkrdn.zip
1376,Occupational Therapy In Mental Health A Vision For Participation 2nd Edition Test Bank,/uploads/downloads/Occupational-Therapy-in-Mental-Health-A-Vision-for-Participation2-nd-Edition-Catana-Brown-tb-m48h1a.
2375,Oral Pathology for the Dental Hygienist 7th Edition by Olga A. C. Ibsen Test Bank,/uploads/downloads/tb-bpsaqw.zip
1892,Orthopedic Physical Assessment 7th Edition by David J. Magee Test Bank,/uploads/downloads/Orthopedic-Physical-Assessment-7th-Editionby-David-J.-Magee-Test-Bank-q4zbo4.zip
6418,PHYSICAL EXAMINATION AND HEALTH ASSESSMENT 8TH EDITION by Jarvis Test Bank,https://drive.google.com/file/d/1C8qHq73d5BvrUTjguxKHZlGlynqR2Obk/view?usp=drive_link
2376,Pagana Mosby's Canadian Manual of Diagnostic and Laboratory Tests 2nd Canadian Edition Test Bank,/uploads/downloads/practicetest-iudsbh.zip
1893,Pathophysiology 7th Edition by Jacquelyn L. Banasik Test Bank,/uploads/downloads/Banasik7e-njwavl.zip
1158,Pathophysiology Introductory Concepts And Clinical Perspectives 2nd Edition Test Bank,/uploads/downloads/TBDAVI1-sbldxx.zip
963,Pathophysiology Introductory Concepts And Clinical Perspectives Theresa Capriotti Test Bank,/uploads/downloads/tb-ykkovo.zip
6381,"Pathophysiology, 7th Edition by Banasik Test Bank",https://drive.google.com/file/d/1rWURdYu0Blx4hweKWCMjx3Jxd876DuNK/view?usp=sharing
6386,"Pathophysiology, 9th Edition by McCance Test Bank",https://drive.google.com/file/d/1hWyA0b2Ge3FfjX266Bsyxv0j2zag2gI7/view?usp=drive_link
6394,Pathophysiology: The Biologic Basis for Disease in Adults and Children 8th edition by Kathryn L. McCance Test Bank,https://drive.google.com/file/d/1qhP-2dn4ILQQD3sYyoQdu_dQoeA34izx/view?usp=drive_link
2377,Patient Care in Radiography 10th Edition by Ruth Ann Ehrlich Test Bank,/uploads/downloads/ES_Ehrlich_10e-dixkxu.zip
1013,Patient-centered Pharmacology Learning System For The Conscientious Prescriber Test Bank,/uploads/downloads/tb-hskixl.zip
1375,Pediatric Nursing The Critical Components Of Nursing Care 2nd Edition Rudd Test Bank,/uploads/downloads/pdf-Complete_compressed-7jtylf.pdf
6400,"Pharmacology A Patient-Centered  Nursing Process Approach, 11th Edition by McCuistion Test Bank",
1919,Pharmacology A Patient-Centered Nursing Process Approach 9th Edition Linda McCuistion Test Bank,/uploads/downloads/TBPharmacology9e-rmdibx.zip
1397,Pharmacology Clear And Simple 4th Edition Cynthia J. Watkins Test Bank,/uploads/downloads/PHARMA1-jotbhq.zip
1395,Pharmacology Clear And Simple A Guide To Drug Classifications And Dosage Calculations 3rd Edition Test Bank,/uploads/downloads/Pharmacologys-uxm7yf.zip
1396,Pharmacology In Rehabilitation 5th Edition Charles D. Ciccone Test Bank,/uploads/downloads/Ciccone5EUPD_TB-6emjl1.zip
6406,Pharmacology and the Nursing Process 9th Edition by Lilley Test Bank,
6197,"Pharmacology and the Nursing Process, 10th Edition by Lilley Test Bank",https://drive.google.com/file/d/16-dFH4Md3HscwAvQs1-ZQQEogqq0qj6q/view?usp=sharing
6412,Pharmacology: A Patient-Centered Nursing Process Approach 10th edition by McCuistion Test Bank,
1398,Pharmacotherapeutics For Advanced Practice Nurse Prescribers 5th Edition Test Bank,/uploads/downloads/TB-PHARMACOTHERAPEUTICS-FOR-ADVANCED-PRACTICE-NURSE-PRESCRIBERS-5th-Edition-Teri-Moser-Woo-czywun.zi
1014,Phillips's Manual Of I.v. Therapeutics 6th Edition Test Bank,/uploads/downloads/Lisa-Gorski-6th-Edition-gpnwce.zip
1415,Phillips's Manual Of I.v. Therapeutics Evidence-based Practice For Infusion Therapy 7th Edition Test Bank,/uploads/downloads/PHILLI1-7gxfpo.zip
1414,Phillips's Manual Of I.v. Therapeutics Evidence-based Practice For Infusion Therapy 8th Edition Test Bank,/uploads/downloads/Phillipss-Manual-of-I.V.-Therapeutics-8e-8fc0kp.zip
1920,Phlebotomy 5th Edition by Robin S. Warekois Test Bank,/uploads/downloads/tbWarekois-a4f8je.zip
1921,Physical Examination and Health Assessment 3rd Edition by Carolyn Jarvis Test Bank,/uploads/downloads/tb-7f9eth.zip
1922,Physical Examination and Health Assessment 9th Edition by Carolyn Jarvis Test Bank,/uploads/downloads/tb-blgeml.zip
2407,Potter Canadian Fundamentals of Nursing 6th Edition Test Bank,/uploads/downloads/Potter-Canadian-Fundamentals-of-Nursing-6th-Edition-nfcys5.zip
1033,Practical Radiology A Symptom-based Approach Edward C. Weber Test Bank,/uploads/downloads/PRACTICAL-RADIOLOGY-A-SYMPTOM-BASED-APPROACH-Edward-C.-Weber-Test-Bank-qlbwt2.zip
2408,Practice Management for the Dental Team 9th Edition Test Bank,/uploads/downloads/Practice-Management-for-the-Dental-Team-9th-Edition-Test-Bank-luiykh.zip
2429,Primary Care 6th Edition by Terry Mahan Buttaro Test Bank,/uploads/downloads/Primary-Care-6e-Terry-ages0f.zip
1034,Primary Care Art And Science Of Advanced Practice Nursing 4th Edition Lynne M. Dunphy Test Bank,/uploads/downloads/tb-kcu8pu.zip
6179,Primary Care: Art and Science of Advanced Practice Nursing - An Interprofessional Approach 5th edition by Dunphy Test Bank,/uploads/downloads/view
6425,"Primary Care: The Art and Science of Advanced Practice Nursing – An Interprofessional Approach, 6th Edition by Debera J. Dunphy Test Bank",https://drive.google.com/file/d/1o78dFdNpd8gZFBwWpizZpljDjLuVlKSd/view?usp=sharing
2431,Professional Nursing 10th Edition by Beth Black Test Bank,/uploads/downloads/TestBank-4rq2a4.zip
1035,Psychiatric Advanced Practice Nursing A Biopsychosocial Foundation For Practice Test Bank,/uploads/downloads/tb-fnsxcz.zip
2432,Psychiatric Nursing 8th Edition by Norman L. Keltner Test Bank,/uploads/downloads/Psychiatric-Nursing-8th-Edition-by-Norman-L.-Keltner-Test-Bank-aoeofa.zip
1416,Public Community Health And Nursing Practice 2nd Edition Christine L. Savage Test Bank,/uploads/downloads/TB-awnujl.zip
2453,Public Health Nursing 10th Edition by Marcia Stanhope Test Bank,/uploads/downloads/tb-noednd.zip
1036,Public Health Science And Nursing Practice Caring For Populations Christine L. Savage Test Bank,/uploads/downloads/tb-vvhfbc.zip
2455,Quick & Easy Medical Terminology 8th Edition by Peggy C. Leonard Test Bank,/uploads/downloads/tb-citc2r.zip
2454,Radiation Protection in Medical Radiography 8th Edition Test Bank,/uploads/downloads/tb-plscoz.zip
1949,Radiation Protection in Medical Radiography 9th Edition Test Bank,/uploads/downloads/Sherer9e-Radiation-Protection-in-Medical-Radiography-9th-Edition-pspjcs.zip
1950,Radiographic Imaging and Exposure 6th Edition by Terri L. Fauber Test Bank,/uploads/downloads/Radiographic-Imaging-and-Exposure-6th-Editionby-Terri-L.-Fauber-test-bank-lblaea.zip
1951,Radiographic Pathology for Technologists 5th Edition by Nina Kowalczyk Test Bank,/uploads/downloads/Radiographic-Pathology-for-Technologists-5th-Edition-by-Nina-Kowalczyk-Test-Bank-7tdten.zip
2477,Radiographic Pathology for Technologists 7th Edition by Nina Kowalczyk Test Bank,/uploads/downloads/tb-9krebm.zip
1952,Radiography Essentials for Limited Practice 5th Edition by Bruce W. Long Test Bank,/uploads/downloads/Radiography-Essentials-for-Limited-Practice-5th-Edition-by-Bruce-W.-Long-Test-Bank-18hdwj.zip
2478,Radiologic Science for Technologists 11th Edition Test Bank,/uploads/downloads/Radiologic-Science-for-Technologists-11th-Edition-Test-Bank-bx7apk.zip
1417,Reading Understanding And Applying Nursing Research 5th Edition Test Bank,/uploads/downloads/READING-UNDERSTANDING-AND-APPLYING-NURSING-RESEARCH-5th-Edition-James-A.-Fain-Test-Bank-fktcfa.zip
1953,Ruppel's Manual of Pulmonary Function Testing 11th Edition by Carl Mottram Test Bank,/uploads/downloads/Ruppels-Manual-of-Pulmonary-Function-Testing-11th-Edition-by-Carl-Mottram-Test-Bank-iqlefu.zip
1434,Safe Maternity & Pediatric Nursing Care 2nd Edition Luanne Linnard-palmer Test Bank,/uploads/downloads/tb-cerdlx.zip
1433,Safe Maternity & Pediatric Nursing Care Luanne Linnard-palmer Test Bank,/uploads/downloads/tb-idu6q3.zip
1980,Seidel's Guide to Physical Examination 10th Edition by Jane W. Ball Test Bank,/uploads/downloads/Seidels-Guide-to-Physical-Examination-10th-Edition-by-Jane-W.-Ball-Test-Bank-828yd7.zip
2500,Sonography 5th Edition by Reva Arnez Curry Test Bank,/uploads/downloads/Sonography5e-Test-Bank-n1zua6.zip
1435,Sports Nutrition For Health Professionals 2nd Edition Natalie Digate Muth Test Bank,/uploads/downloads/Test-Banks-y8nabs.zip
1060,Structures Of The Head And Neck Frank J. Weaker Test Bank,/uploads/downloads/STRUCTURES-OF-THE-HEAD-AND-NECK-Frank-J.-Weaker-Test-Bank-x4qwtl.zip
6433,"Success in Practical/Vocational Nursing, 8th Edition by Knecht Test Bank",
1436,Successful Nurse Communication Safe Care by Beth Boynton Test Bank,/uploads/downloads/SUCCESSFUL-NURSE-COMMUNICATION-SAFE-CARE-HEALTHY-WORKPLACES-REWARDING-CAREERS-Beth-Boynton-test-bank
6260,Test Bank for Fundamentals of 10th Edition by Taylor ,https://drive.google.com/file/d/1EZQnLNvQlV2YuXNPicgNoszQASS3g3Bi/view?usp=drive_link
2502,Textbook of Diagnostic Microbiology 6th Edition Test Bank,/uploads/downloads/tb-tkaawx.zip
2503,Textbook of Diagnostic Sonography 8th Edition Test Bank,/uploads/downloads/tb-hf8w2k.zip
2524,The Human Body in Health & Disease 7th Edition Test Bank,/uploads/downloads/tb-kncjyu.zip
2525,The Human Body in Health and Illness 6th Edition Test Bank,/uploads/downloads/The-Human-Body-in-Health-and-Illness-6th-Edition-Test-Bank-9j098f.zip
1983,The Human Body in Health and Illness 7th Edition by Barbara Herlihy Test Bank,/uploads/downloads/The-Human-Body-in-Health-and-Illness-7th-Edition-by-Barbara-Herlihy-Test-Bank-bb7lgm.zip
1437,The Intentional Relationship Occupational Therapy And Use Of Self 2nd Edition Test Bank,/uploads/downloads/tb-wivxcs.zip
2526,The Language of Medicine 11th Edition by Davi-Ellen Chabner Test Bank,/uploads/downloads/Test-Bank-2hdugk.zip
2527,The Muscular System Manual 4th Edition Test Bank,/uploads/downloads/The-Muscular-System-Manual-4th-Edition-Test-Bank-aobt5f.zip
1463,The New Leadership Challenge Creating The Future Of Nursing 5th Edition Test Bank,/uploads/downloads/Test-Questions-eduuxs.zip
1061,The Nurse's Role In Promoting Optimal Health Of Older Adults Test Bank,/uploads/downloads/THENUR1-rlgb9v.zip
1464,Therapeutic Exercise Foundations And Techniques 7th Edition Carolyn Kisner Test Bank,/uploads/downloads/Therapeutic-Exercise-Foundations-and-Techniques-7th-Edition-Carolyn-Kisner-test-bank-ee9hzo.zip
1985,Thompson & Thompson Genetics in Medicine 8th Edition by Robert L. Nussbaum Test Bank,/uploads/downloads/Thompson-Thompson-Genetics-in-Medicine-8th-Edition-by-Robert-L.-Nussbaum-Test-Bank-mn4zct.zip
2548,Touhy Ebersole & Hess' Gerontological Nursing and Healthy Aging 2nd Canadian Edition Test Bank,/uploads/downloads/Touhy-Ebersole-Hess-Gerontological-Nursing-and-Healthy-Aging-2nd-Canadian-Edition-Test-Bank-ldjj1z.z
1465,Transcultural Caring Dynamics In Nursing And Health Care 2nd Edition Test Bank,/uploads/downloads/TRANSCULTURAL-CARING-DYNAMICS-IN-NURSING-AND-HEALTH-CARE-2nd-Edition-Marilyn-A.-Ray-Test-Bank-acolug
1062,Understanding Anatomy & Physiology 2nd Edition Test Bank,/uploads/downloads/Understanding-Anatomy-Physiology-2nd-Edition-Test-Bank--2rjpi6.zip
1466,Understanding Anatomy & Physiology 3rd Edition Gale Sloan Thompson Test Bank,/uploads/downloads/Test-Banks-pl5q6b.zip
1063,Understanding Medical-surgical Nursing 5th Edition Linda S. Williams Test Bank,/uploads/downloads/Understanding-Medical-surgical-Nursing-5th-rcpc15.zip
1064,Understanding Medical-surgical Nursing 6th Edition Linda S. Williams Test Bank,/uploads/downloads/tb-fix8xt.zip
2549,Understanding Nursing Research 8th Edition Test Bank,/uploads/downloads/TestBank-e0aato.zip
6277,"Understanding Pathophysiology, 7th Edition by Sue E. Huether, Kathryn L. McCance, and Kelly J. Brashers Test Bank",https://drive.google.com/file/d/1MCp6jJDP5e8-8cvLVov_nqpOIwjHhlyG/view?usp=drive_link
1986,Understanding Pharmacology Essentials for Medication Safety 2nd Edition M. Linda Workman Test Bank,/uploads/downloads/Understanding-Pharmacology-Essentials-for-Medication-Safety-2nd-Edition-M.-Linda-Workman-TB-ndayc1.z
1065,Urinalysis And Body Fluids 6th Edition Susan King Strasinger Test Bank,/uploads/downloads/URINALYSIS-AND-BODY-FLUIDS-6th-Editiontb-iiolyn.zip
6439,Varcarolis' Foundations of Psychiatric-Mental Health Nursing A Clinical 9th Edition by Margaret Jordan Halter Test Bank,https://drive.google.com/file/d/1qxGbHoKUYUClODyckbqaJij4yuEtqY9V/view?usp=sharing
2024,Wheeler's Dental Anatomy Physiology and Occlusion 9th Edition Stanley Nelson Test Bank,/uploads/downloads/Wheelers-Dental-Anatomy-Physiology-and-Occlusion-9th-Edition-Stanley-Nelson-Test-Bank-fjx8rf.zip
2550,Wilkins' Clinical Assessment in Respiratory Care 8th Edition Test Bank,/uploads/downloads/Wilkins-Clinical-Assessment-in-Respiratory-Care-8th-Edition-Test-Bank-jqgqgj.zip
2025,Wilkins' Clinical Assessment in Respiratory Care 9th Edition by Albert J. Heuer Test Bank,/uploads/downloads/Wilkins-Clinical-Assessment-in-Respiratory-Care-9th-Edition-by-Albert-J.-Heuer-Test-Bank-enr2jh.zip
2551,Williams' Basic Nutrition and Diet Therapy 15th Edition Test Bank,/uploads/downloads/Williams-Basic-Nutrition-and-Diet-Therapy-15th-Edition-Test-Bank-5bp1u4.zip
2572,Wong's Essentials of Pediatric Nursing 10th Edition Test Bank,/uploads/downloads/Hockenberry10etb-ujhupp.zip
6283,"Wong’s Nursing Care of Infants and Children, 12th Edition by Marilyn J. Hockenberry, Elizabeth A. Duffy, and Karen Gibbs Test Bank",https://drive.google.com/file/d/1TFlU8n3UMQbR7uX_cV3V_KrHn5Gx0SzQ/view?usp=sharing
1467,Wright & Leahey's Nurses And Families 7th Edition Test Bank,/uploads/downloads/tb-4acraq.zip
1619,deWit’s Medical-Surgical Nursing 4th Edition by Holly Stromberg Test Bank,/uploads/downloads/Stromberg_4e-tmmhej.zip
6271,for Porth's Pathophysiology Concepts of Altered Health 10th Edition by Norris Test Bank,
6353,medical surgical nursing:concepts for clinical judgement and collaborative care 11th edition ignatavicius test bank,https://drive.google.com/file/d/1vJxpe6DZx9LapdWko0Czs-1iTSPVpYox/view?usp=sharing
6445,"– Seidel’s Guide to Physical Examination, 10th Edition Test Bank",https://drive.google.com/file/d/1eHJzzu7bu4tknjre8RXuh5SaUnhT6wDl/view?usp=sharing
